id,type,text1,text2,text3,text4,text5,notes
,,,,,,,
,,,,,,,
,,,,,,,
aEP_VentMode,SHIP_SYSTEM,"Exposes venting mechanism to greatly increase soft flux dissipation and generate hard flux, also increase weapon rate of fire and ammo regeneration speed. Compromises hull integrity damage taken and the system will shut down if soft flux is too low",Offensive,,,"Increases hull integrity damage taken by {{50%}}, flux dissipation by {{2000}}. Weapon rate of fire and ammo regen speed are increased by {{30%}}",
aEP_NCReload,SHIP_SYSTEM,"Generates soft flux to reduce remaining cooldown of all missile weapons, reloads the built-in Hydrothermal LRM, and recovers Forge Output.",Offensive,,,"Reduces missile weapon's cooldown by {{15}} seconds, recover {{15%}} of Forge Output",
aEP_ComebackProgram,SHIP_SYSTEM,Recalls an FSF-designed Frigate and repair its armor and structure back to full. Both ships must have sufficient CR and it is not applicable to certain types of FSF Frigates.,Special,,,,
aEP_BBLockOn,SHIP_SYSTEM,"The system continuously generates soft flux to lock target ship's weapon function, significantly increasing the target's weapon flux cost.",Offensive,,,"Target's weapon flux cost is increased by {{200%}}",
aEP_NBFiringJet,SHIP_SYSTEM,Activates the auxiliary thrusters to push the ship toward the direction of acceleration.,Movement,,,,
aEP_FuelBurn,SHIP_SYSTEM,Engines start consuming fuel in fleet's cargo and generate flux to slowly but continuously raise the ship's top speed.,Movement,,,Slowly increases the ship's top speed by {{300}},
aEP_DamperTanker,SHIP_SYSTEM,"Deploys folded armor, disables weapons and shield to gain additional effective armor value and damage reduction.",Defensive,,,,
aEP_ManeuverThruster,SHIP_SYSTEM,"Provides a boost to top speed, along with a slight maneuverability boost.",Movement,,,"Increases the ship's top speed by {{250}}, turn rate by {{30}}",
,,,,,,,
,,,,,,,
aEP_MaodianDroneLaunch,SHIP_SYSTEM,Send an active defence drone to the mouse location. The drone will intercept nearby projectiles and self-destructing after a certain period.,Special,,,,
aEP_FighterProtector,SHIP_SYSTEM,"Projects damper fields to all of this ship's fighter wings, reducing both their damage taken and damage dealt.",Carrier,,,,
aEP_WeaponReset,SHIP_SYSTEM,A backup system will repair all weapons and increase their rate of fire and ammo regeneration speed. Soft flux will be absorbed into a buffer to ensure fire power and return slowly later.,Offensive,,,,
aEP_ApproachThruster,SHIP_SYSTEM,"Greatly increases top speed and force the ship to accelerate forward, this system has not cooldown but limited up times",Movement,,,,
aEP_EcmSuppress,SHIP_SYSTEM,"Scans nearby enemy ships and reduces their ECM strength within a 2000 range by 2% / 3% / 4% / 6%, based on hull size from Frigate to Capital.",Special,,,,
aEP_RQReload,SHIP_SYSTEM,"Generates soft flux to reduce remaining cooldown of all missile weapons, reloads the built-in Hydrothermal LRM, and recovers Forge Output.",Offensive,,,,
aEP_FighterLaunch,SHIP_SYSTEM,Recall all non-bomber wings of this ship with an operating range greater than 2000. Catapult them to a range of 2000 from the bow of the ship. Fighters take less damage during the catapulting.,Carrier,,,,
aEP_MainGunAttitude,SHIP_SYSTEM,"Anchors the ship around a location, actives main gun attitude control system allowing its built-in main gun to fire.",Special,,,,
aEP_VectorThrust,SHIP_SYSTEM,"Provides a boost to maneuverability and top speed, temporally ignores the top speed limit from main gun attitude control system",Movement,,,,
,,,,,,,
,,,,,,,
aEP_ShuishiDroneLaunch,SHIP_SYSTEM,"Teleports several shield drones to the mouse location, protecting the nearest friendly ship. A mother ship can only maintains a limited number of shield drones coexisting.",Defensive,,,,
aEP_Skimmer,SHIP_SYSTEM,Pushes the ship a short distance in the direction it's traveling.,Movement,,,,
aEP_RecallDevice,SHIP_SYSTEM,"Teleports all fighters back to the carrier, allowing them to be quickly refitted and relaunched.",Carrier,,,,
aEP_SiegeMode,SHIP_SYSTEM,"Anchors the ship around a location, increase weapon rate of fire, extend shield arc and reduce flux generation.",Special,,,,
aEP_AntiPhaseDrone,SHIP_SYSTEM,Launches a limited-time high speed attacker drone to assault this ship's target. The drone is equipped with an anti-ship beam and magnetic bombs.,Offensive,,,,
aEP_YJDefenseFlak,SHIP_SYSTEM,Fires several waves of flak shots to all directions.,Defensive,,,,
aEP_GrenadeThrower,SHIP_SYSTEM,Fires a barrage of high-explosive bombs from the ship's front.,Offensive,,,,
,,,,,,,
,,,,,,,
aEP_Rupture,SHIP_SYSTEM,"Links its target with a gravity anchor. Pulling the target away from this ship will generate soft flux to the target and slow its speed, being too far will break the link",Special,,,,
aEP_FortressShield,SHIP_SYSTEM,"Toggleable. When activated, massively reduces shield damage taken but generates hard flux and prevents the use of weapons.",Defensive,,,,
aEP_LidarArray,SHIP_SYSTEM,"Enhances every non-beam weapons in ballistic/energy slots in range, rate of fire, accuracy, and projectile speed. Even when not activated, the system still provides a small range bonus to all non-missile weapons.",Offensive,,,"While the system is active, hardpoint weapons receive {{85%}} increased range and {{200%}} increased rate of fire. Recoil is reduced by {{75%}}, and projectile speed is increased by {{50%}}.

While the system is in passive mode, the range of all non-missile weapons is increased by {{20%}}.",
aEP_CoordinatedCombat,SHIP_SYSTEM,"When activated, recalls and increases the shield radius and maximum arc of the 'Scout' Fighter to block incoming damage. Cooldown: 5 seconds.

Guided Assault: When activated while holding key Num 1, increases the ship's weapon hit strength by a small fixed amount. Cooldown: 6 seconds.

Decoy Trick: When activated while holding key Num 2, greatly reduces its 'Scout' Fighter's top speed, weapon rate of fire, and damage taken. Cooldown: 6 seconds.

Field Infiltrate: When activated while holding key Num 3, immediately swaps location with the 'Scout' Fighter. Cooldown: 1 second.",Special,"When activated, recall and increase the shield radius and maximum arc of its 'Scout' Fighter to block incoming damage. Cooldown: 5 seconds.

Guided Assault: When activated by holding key Num 1, increase the ship's weapon hit strength by a small fixed amount. Cooldown: 6 seconds.

Decoy Trick: When activated by holding key Num 2, greatly reduce its 'Scout' Fighter's top speed, weapon rate of fire, and damage taken. Cooldown: 6 seconds.

Field Infiltrate: When activated by holding key Num 3, immediately swap locations with its 'Scout' Fighter. Cooldown: 1 second.",Guided Assault | Decoy Trick | Field Infiltrate,,
aEP_SwitchPowerMode,SHIP_SYSTEM,"Switches between high-output and rapid-fire modes of this ship's energy weapon, affecting their damage and rate of fire.",Special,,,"In high-output mode, energy weapons deal/cost {{50%}} more damage and flux, range increased by {{200}}, but fire {{100%}} slower.

In rapid-fire mode, enerrgy weapons deal {{25%}} less damage, cost {{50%}} less flux, but fire {{100%}} faster",
aEP_RepulseMissileLaunch,SHIP_SYSTEM,"Provides bonus flux dissipation and ability to dissipate hard flux. this ship will continuously fires its built-in missiles until the flux is cleared or the system times out. If the ship is destroyed, the system will be forced to activate.",Defensive,,,,
aEP_FlareLaunch,SHIP_SYSTEM,Fires different types of flares around the ship to distract enemy missile targeting.,Defensive,,,,
,,,,,,,
,,,,,,,
aEP_DroneDamper,SHIP_SYSTEM,"Generates a force field over the armor to significantly increase its effectiveness, reducing the damage taken. This system can only be used once.",Drone,,,,
aEP_DroneBurst,SHIP_SYSTEM,"Focuses thrusting forward, increase this ship's top speed but reduce turn rate.",Drone,,,,
aEP_DroneDash,SHIP_SYSTEM,A busrt pulse push the ship forward and provide damage reduction during the dive. At end of diving the engine will be briefly adjust to increase the ship's turn rate to re-direct facing.,Drone,,,,
aEP_DroneGuard,SHIP_SYSTEM,Blinks to a location and deploy a shield to intercept incoming damage for a nearby friendly.,Drone,,,,
aEP_DroneTimeAlter,SHIP_SYSTEM,Increases time floating speed of this ship but can't fire weapons. Good for performing tactical reposition,Drone,,,,
aEP_DroneTeleport,SHIP_SYSTEM,"Teleports the ship to a location, for a fighter-sized vessel the teleportation can be very far away",Drone,,,,
aEP_DroneCanister,SHIP_SYSTEM,"When activated, it fires proximity-fused smoke flak, causing FRAG damage.",Drone,,,,
,,,,,,,
,,,,,,,
,,,,,,,
aEP_cap_sta_main,WEAPON,"Another milestone in the company's gunpowder-driven ballistic weapon development is achieved. It aims to compete with the latest Domain-era reality-disturbing weapons. From our current perspective, this new weapon delivers the same level of destruction at 50 times the cost to build and cannot be mounted on any universal ship slot.

To operate this gun properly, you first need disposable drones. Due to the massive caliber and weight of the warhead, secondary propellants are ignited in sequence to maintain high pressure in the barrel. After the warhead exits the muzzle, a formation of electromagnetic accelerator drones propels the projectile to space-level velocity. It is rumored that this weapon can burn sensors just with the explosion's whiteout. It is currently deployed on the company's star fortress. This weapon embodies the tenet of FSF gunnery design: traditional design is never outdated.

It is said to compete with reality-disturbing weapons, but why would even the newest Domain-era weapons appear here?",,,,,
aEP_cap_nuanchi_missile,WEAPON,"A large, slow-flying, strategic missile capable of causing a devastating EMP bombardment. The generated EMP is powerful enough to disable point defense systems on ships lacking prior preparation, paving the way for subsequent missile attacks.",,,,,
aEP_cap_biaobing_radar,WEAPON,"The renowned weapon-calibrating radar emits a significant number of electromagnetic waves. For a radar of this intensity, mere exposure can cause hull damage and EMP effects. For ships at least the size of frigates, it is advised not to expose the hull to such high-powered radar.",,,,,
aEP_cap_neibo_main,WEAPON,"As a result of a technological exchange program, this weapon-once the main artillery of a colossal war machine-is now installed in turret form at the center of the ship. Capable of continuously firing anti-ship ammunition at the speed of a Vulcan cannon, it truly earns its reputation as a killer of medium- and small-sized vessels.",,,,,
aEP_cap_duiliu_main,WEAPON,"Designed to breach critical thresholds, this weapon system utilizes multi-stage electromagnetic acceleration to impart unimaginable kinetic energy to steel projectiles. Even the metal debris generated during the preheating phase can penetrate weaker shields. Warships equipped with this technology can cast their enemies into the deep void where light will never reach.",,,,,
aEP_cru_pingding_main,WEAPON,"Next Generation Weapon Serious 4 is an XL weapon system that exceeds existing categories, providing a robust solution for advanced challenges.",,,,,
aEP_cru_pingding_main2,WEAPON,"Propelled by a combination of electrochemical and electromagnetic power, this futuristic weapon accurately delivers its payload anywhere, albeit at the cost of a staggering electricity bill.",,,,,
aEP_cru_pingding_main3,WEAPON,"The long-range supporting artillery is designed to launch rocket-assisted shells, enabling it to target enemies beyond sensor range. Its payload can rival some torpedoes, possessing enough power to destroy a frigate with a single hit. To mitigate its significant recoil, a pulse counter burst must be executed by the engine array. The only drawback is that rocket-boosted shells, similar to torpedoes, can be intercepted.",,,,,
aEP_cru_pingding_torpedo,WEAPON,"A semi-perpetual torpedo, forbidden by treaties, possesses an internal nuclear reaction engine enabling it to strike a planet or space station that happens to be in its path a century after missing its original target.

Even in the vastness of space, where objects are exceedingly distant, the considerable likelihood of an eventual collision persists when accounting for extended flight time. Therefore, it is imperative that the gunner undergoes thorough training on the Perpetual Flight Military Projectiles and secures the necessary qualifications before operating this weapon.",,,,,
aEP_cap_requan_missile,WEAPON,"A built-in, long-range anti-ship missile capable of continuous launches when integrated with a ship's systems poses a significant threat to vessels that have already lost their defensive capabilities.",,,,,
aEP_cru_requan_missile,WEAPON,"A built-in, long-range anti-ship missile is capable of continuous launches when integrated with a ship's systems. It poses a significant threat to vessels that have already lost their defensive capabilities.",,,,,
aEP_des_yonglang_mk2_teslagun,WEAPON,"By firing micro-particles of mixed conductive materials, this weapon efficiently delivers an electrical surge throughout the entire body of the target ship, significantly reducing the efficiency of its engines. The only drawback is its limited firing range.",,,,,
aEP_fga_xiliu_main,WEAPON,A full-sized military-grade high-energy laser generator is renowned for its ability to instantly vaporize an entire artificial lake. It achieves the switch between high power and high frequency by adjusting the wavelength and power of the beam.,,,,,
aEP_fga_xiliu_main2,WEAPON,"A full-sized, military-grade, high-energy laser generator is renowned for its ability to instantly vaporize entire artificial lakes. It achieves switching between high power and high frequency by adjusting the wavelength and power of the beam.",,,,,
aEP_fga_xiliu_mk2_missile,WEAPON,"A highly trackable energy missile that operates essentially as a small flux capacitor, inflicts damage based on principles similar to those of ship self-destruct mechanisms. This unique technology allows ships to carry ammunition without loaded warheads. During combat, the ship's flux pressure can be transferred to these missiles, redirecting it back toward the enemy vessel.",,,,,
aEP_fga_yonglang_main,WEAPON,"A cannon that fires miniature ""Door Breach"" rockets, this troublesome weapon can be used to overload enemy shields and, by utilizing its recoil, retreat to a safe distance.",,,,,
aEP_fga_shuangshen_pointer,WEAPON,A laser message transmitter can transmit information via optical carriers to a fighter in a complex electromagnetic environment.,,,,,
,,,,,,,
,,,,,,,
aEP_cap_duiliu,SHIP,"A recent addition to the fleet, this capital ship symbolizes the company's power and represents a fresh face among many seasoned designs. For a long time, the company's primary warships were relics from the Domain era. With the emergence of the FSF as a formidable force in the sector, it became apparent that a warship tailored specifically for the corporation was needed. Thus, this ship was born. It sacrifices thick armor and high speed for densely packed weapon slots, and when timed right, it can annihilate opponents purely through overwhelming firepower. This vessel will represent the FSF in further battles against peer adversaries.

The term ""thermocline"" refers to rapid and drastic changes within a short period. In the hands of a brave captain, a single confrontation can lead to a decisive victory without the need for prolonged exchanges. In the narrow contest of battle, only those who truly believe in their success will earn the favor of the goddess of victory.",,,,,
aEP_cap_nuanchi,SHIP,"Resembling a haphazard collection of engines strapped to an asteroid, the ship truly earns its designation as a missile capital ship. Scaling up a micro-missile factory to full size incurs significant costs. Not only is the space for expanding missile racks minimized, but the area designated for storing conventional spare ammunition is also occupied. However, over extended battlefield engagements, the continuous regeneration of missiles from the full-sized missile factory proves invaluable.

Despite its chaotic appearance, the designers thoughtfully considered impact mitigation and damage control in its hull structure. Ammunition is stored uniformly, providing not only decent armor but also minimizing the risk of catastrophic self-destruction when damaged.

Furthermore, the ship is designed to incorporate the 'Refresh' reloading system. This innovative loading device, which uses standardized ammunition supply modules, quickly delivers ammunition from various parts of the hull to the missile launchers, allowing the ship to achieve an astonishing rate of fire in a short period. Such a missile ship is awe-inspiring at all times.",,,,,
aEP_cap_biaobing,SHIP,"If the Paragon-class is a product of the naval fantasies of high-ranking officers and the ambitious aspirations of Tri-Tachyon's top echelons, then the Exemplar-class represents a pragmatic step toward the generalization of battleships. Unlike the Paragon-class, which spares no expense in using advanced targeting cores, the Exemplar-class employs a set of shooting-assist radars designed specifically to address the issue of insufficient range for energy weapons.

Despite making significant sacrifices, the Exemplar-class cannot sustain its radar at full power for an extended period. This limitation means that in one-on-one engagements, most old-school ballistic battleships can easily suppress it as long as they maintain an advantageous firing range. In comparison to energy warships that require a large number of highly skilled technicians to maintain advanced targeting cores, the Exemplar-class is a return to the traditional battleships of old-simple and practical.

The Exemplar-class should not appear in the sector because neither the battle group stationed there nor the Fourteenth that came to replace it was equipped with Exemplar-class ships. However, it mysteriously appears on the FSF's inventory. Despite various circulating rumors, one thing is certain: the founders of FSF must have had close ties with certain high-ranking members of the legions before the Collapse, allowing them to acquire the blueprints of military-grade ships.",,,,,
aEP_cap_neibo,SHIP,"The Pycnocline-class battleship cruiser was designed to hunt down smaller vessels, setting itself apart from the company's typically slow but heavily armed ships. It employs a pulse burst propulsion system that propels this massive chunk of steel almost instantaneously. Another unique design feature is the turret module attached to the main gun, which is equipped with independent weapons and flux systems, guaranteeing reliable firing power during close encounters.

Despite being classified as a battleship cruiser, its armor and structural integrity are slightly superior to the company's standard battleships, giving the Pycnocline-class a somewhat awkward standing. As a flagship with an unconventional design, the abundance of small slots doesn't bode well for withstanding damage. In evenly matched battles, the Pycnocline-class is prone to encountering the issue of having 'no guns available.' However, the massive damage potential of the main gun is extremely perilous for medium and small ships, posing a significant challenge for captains when selecting their opponents.",,,,,
aEP_cap_decomposer,SHIP,"One of the newly developed ships following the Collapse, the Decomposer-class, is designed to carry a substantial amount of fuel and supplies, and is equipped with an open deck and construction yard. The initial design aims to support long-range fleets in situations where resupply is unavailable. By dismantling salvaged wreckage on the battlefield for usable parts and various consumables, it significantly alleviates logistical pressures for armies with less efficient logistical systems. In the event of supply shortages, an elite fleet equipped with such ships can sustain itself for a considerable amount of time.

After a ship comes to a stop on the battlefield, if the hull has not completely disintegrated due to self-destruction, many internal components can be recovered. Typically, only after the battle's outcome is determined will one side gain the authority to clean up the battlefield. By that time, many items requiring sealed storage may have scattered into space and become unrecoverable. Equipped with disassembly beams from built-in drones, the Decomposer-class can precisely break down wreckage into appropriately sized debris and carry them back to the operation deck for recovery.

To ensure uninterrupted operations, the Decomposer-class's firepower is sufficient to repel smaller ships. As such, this versatile ship can serve as the core of a small fleet.

Despite using materials for armor and structure that meet military-grade standards, the Decomposer-class sacrifices space for shield generators to meet the requirements of both cargo transport and disassembly operations. Instead, it utilizes an integrated group of shield drones to absorb damage.",,,,,
aEP_cap_shangshengliu,SHIP,"An armored cargo ship traverses the sector, employed only when dealing with the most dangerous routes. The quality of its armor and structure rivals that of most battleships, allowing it to disregard many threats. As a star in the specialized transport industry, it boasts formidable firepower and, when necessary, can deploy its armor to withstand a significant amount of fire until reinforcements arrive.

However, its expensive supply requirements and the effort needed to maintain its folding armor exceed expectations. But that is not the main concern. Designed with structural strength comparable to military standards, it is not destined for routine back-and-forth on peaceful routes. Instead, it belongs to the unpredictable, pirate-infested, poorly-charted border routes where its robust structure is most suited.",,,,,
aEP_cap_shangshengliu_mk3,SHIP,"This is a modified Upwelling-class vessel, crafted by a departed FSF designer. The modifications include the removal of the retractable external armor, which has been replaced in the original cargo hold area with a series of gun galleries and auxiliary engines.

The Upwelling-class rarely becomes the target of pirate attacks, and even when it does, it rarely ends up as a victim. Since its inception, there have been only a few documented instances of loss. The appearance of this warship is surrounded by off-the-record stories. However, it is evident that the creator of these substantial modifications closely aligned with official standards.",,,,,
aEP_cap_shangshengliu_mk2,SHIP,"This variant, based on the Upwelling-class, is specifically designed for transporting antimatter fuel. Statistical data from the specialized fuel transport sector indicate that the risk reduction achieved by minimizing exposure in high-risk areas far outweighs the benefits of adding additional layers of armor. However, the MK.II model incorporated both strategies. It is powered by a colossal driver system formed by the parallel connection of multiple large engines, surpassing any conventional option in both size and fuel consumption. After an extended acceleration phase, it can traverse battlefields at speeds that leave destroyers far behind.

The fuel required to operate this immense engine is directly sourced from the MK.II's own cargo, resulting in an actual effective payload lower than the stated capacity. Although it may consume half of its cargo while crossing hazardous zones, reaching the destination intact is considered a success for its clients.",,,,,
,,,,,,,
aEP_cru_hailiang,SHIP,"This is a cruiser designed to resemble a space station battery platform, equipped with numerous slots. It is intended for the suppression of wolf pack ships, featuring large slots in every direction to provide significant advantages in range and firepower.",,,,,
aEP_cru_zhongliu,SHIP,"Becoming the backbone of the company's fleet, this ship, designed as a conventional cruiser, embodies the distinctive features of company vessels. Although its armor is only slightly stronger than that of a light cruiser and it lacks crucial maneuverability, making it a relatively easy target, it excels in coordination. When operating in tandem with supportive ships, the Mainstream-class can easily neutralize any adversary with its wide, overlapping large slots.",,,,,
aEP_cru_requan,SHIP,"As a lightweight version of the Warmpool-class, the easily producible Thermalvent-class offers a limited number of slots. This means it can be easily handled by any ship that approaches its vicinity, even the smallest frigates. Despite its numerous drawbacks, the low deployment cost alone is enough to make it a favored choice for fleet commanders.",,,,,
aEP_cru_pingding,SHIP,"The Pacifier-class is not commonly seen in the FSF fleet due to its highly specialized design, typically deployed only for besieging the most challenging targets. These bombardment ships, equipped with rocket-boosted weapons, can destroy most vessels from beyond the sensor range of their fire control systems. While the Pacifier-class has never been used in major conflicts since its debut mission to destroy a pirate station, these game-changers are always taken into consideration by the enemies of the FSF.",,,,,
aEP_cru_shanhu,SHIP,"Originally designed to enhance the aerial combat capabilities of the company's fleet, this support carrier initially boasted superior top speed and cost-efficient deployment. However, ongoing discussions and enhancements have transformed it into a multifunctional marvel. Integrated with missile platforms and ADS drone launching systems, working on this ship is an unparalleled experience. Despite its high cost, the ship exhibits no weaknesses, confidently handling the maintenance of missiles, aircraft, and ADS drones without compromise.",,,,,
aEP_cru_baojiao,SHIP,"The Barrier-class is specifically designed for large-scale fleet battles. It can be constructed using some of the most common materials and technologies found within the sector. Its mass production capability has earned it a mixed reputation.It is said that the prototype design was an advanced research vessel capable of projecting a damper field onto ship-sized targets, but this system never made it out of the laboratory.",,,,,
aEP_cru_pubu,SHIP,"The latest developed siege carrier, utilizing a high-power drive launcher to catapult aircraft into the distance, features a complex set of mechanical motion components to ensure the smooth operation of the central guide rail system. The Waterfall-class demands the highest level of expertise from its crew. Any mistake in maintaining either the fragile launch guide or the precision linkage structure can render it inoperative. The positioning of the Waterfall-class as an offensive carrier belies the challenges it faces in battlefield operations. Crew members following routine procedures from a safe distance often find it difficult to imagine the extent of the disasters they may cause.

Preferred by top students, the prototype of the Waterfall-class traces its origins to the reverse engineering of the wreckage of a severely damaged aerospace cruiser. The study revealed cylindrical tracks and boiler mechanisms that were believed to function as a steam catapult, along with numerous structures resembling a forge. The radiation and high-temperature environment had severely damaged the hull of the wreckage. Currently, all information about it is speculative and may deviate completely from the original design intent. The only confirmed information is the inscription 'Iron Pavilion' written on the cabin wall.",,,,,
,,,,,,,
aEP_des_shendu,SHIP,"A support ship equipped with both a large missile slot and a fighter deck, notorious for its formidable omnidirectional composite attack potential, delivers devastating blows to small ships lacking PD power.",,,,,
aEP_des_yuanyang,SHIP,"Originally developed as a research vessel, this ship is equipped with ample fuel and supply space to meet the endurance needs of long-distance exploration. Also, the ship is fitted with a miniaturized recall system, capable of retracting aircraft and valuable data in times of crisis, effectively handling various threats that may arise during the exploration of ruins. Of course, it is now more commonly used to recall bomber squadrons",,,,,
aEP_des_chongji,SHIP,"A powerful implementation of a siege tank in space, redirecting all engine output to the weapon system, certainly allows it to destroy most targets in front of it very quickly.",,,,,
aEP_des_taodong,SHIP,"A nimble destroyer reverse-engineered from a salvaged prototype. When the mysterious ship known as the 'Miko' was first recovered by a salvage team, its ever-changing shell colors with each measurement defied the known laws of physics, causing the collapse of current scientific theories within the company. The interior, adorned with textures resembling magical glyphs, seemed to mock human ignorance and arrogance.

Through various technological means, including an inertia-driven propulsion system that shakes untrained crew members to the point of nausea, and a weapon overload mechanism allowing 30 seconds of firing followed by half an hour of reloading, the company has managed to replicate some aspects of the legendary destroyer.

This has sparked philosophical contemplation. Can the first test ship, reconstructed from the wreckage itself with a replacement part rate of 100%, still be considered the same ship as the original prototype?",,,,,
aEP_des_shuishi,SHIP,"A box-like supportive carrier that disregards ship design aesthetics, the vessel's core integrates a printing system and a micro-teleporter. This allows it to constantly deploy an array of simple shield drones to protect friendly ships.",,,,,
aEP_des_shendu_mk2,SHIP,"A prototype warship has been designed to transport and launch cruise missiles. It is equipped with only a few PD slots to counteract hazardous environments. This also explains why such a massive hull is fitted with destroyer-level subsystems, as it was originally intended solely as a carrier.",,,,,
aEP_des_yangji,SHIP,"A formidable destroyer equipped with extensive broadside slots, this vessel strikes a solid balance between defensive firepower and maneuverability. The integrated anti-aircraft barrage launcher further enhances its survivability. Designed for broad accessibility, universality was the guiding principle behind its creation. Its straightforward maintenance requirements and slightly larger stature compared to a typical destroyer contribute to its exceptional popularity in the fringe worlds.",,,,,
aEP_des_lianliu,SHIP,"The FSF's versatile high-speed destroyer, equipped with three midline dorsal turrets, offers multiple firepower options. Moreover, the vessel's level of protection is not compromised, making it suitable for most patrol missions. It consistently operates on the front lines of corporate conflicts. Despite having limited flux dissipation, it can unleash a barrage of bombs, eliminating all nearby targets.",,,,,
aEP_des_youjiyan,SHIP,"The Nutrients-class excels in the specialized transportation business. On one hand, it is equipped with armor that puts most destroyers to shame and features a flight deck to counter high-speed frigates. On the other hand, the maintenance and deployment costs are no less than those of a regular military destroyer. In this sector, there is never a shortage of people willing to pay a premium to safeguard their cargo.

Regardless of the era, passive defense is always a delaying tactic. The true value of this ship lies in the fact that unless the entire convoy is destroyed, no one can 'raid and run' with this vessel.",,,,,
aEP_des_youjiyan_mk2,SHIP,The Nutrients MK.II-class is a small armored fuel tanker ship with a reputation that is both praised and criticized. Its defensive capabilities are matched by its high fuel consumption.,,,,,
aEP_des_yonglang_mk2,SHIP,"An engineering marvel that satisfies the most audacious captain's cravings for speed and explosions, this modified ship is the result of a unique collaboration between pirates and Luddic Path designers. Extremely rare in the galaxy, each appearance is marked by its iconic explosive lance and flamethrower.",,,,,
,,,,,,,
aEP_fga_wanliu,SHIP,"A frigate typically appears in large battlefields, equipped with a powerful composite targeting system and a substantial slot. It attacks from the side while battleships are entangled in combat. Even if the enemy decides to concentrate firepower on it, the frigate possesses a fortress shield system to ensure its survival. Typically commanded by experienced officers, this ship requires cautious strategy rather than rash actions.",,,,,
aEP_fga_yonglang,SHIP,"A medium-sized frigate equipped with two heavy anti-shield guns is capable of instantly collapsing the target's shields. However, after firing, the ship is temporarily out of combat-not only because of the flux output of the weapon but also due to the physical recoil, which pushes the ship away.",,,,,
aEP_fga_xiliu,SHIP,"The new-generation multi-role frigate is built entirely around its integrated laser system. By altering the main gun's power supply mode, the Rivulet-class can simultaneously engage both large and light targets. This versatility explains why, many years after the universal weapon slot system became prevalent, the concept of primarily relying on built-in weapons has made a comeback.",,,,,
aEP_fga_xiliu_mk2,SHIP,"This is a modification based on the Rivulet-class. Many slots have been reconfigured, redundant subsystems are removed for more engines, now the ship is a qualified assault vessel equipped with dangerous torpedo slot.",,,,,
aEP_fga_raoliu,SHIP,"Known for its survivability at a low price, the Turbulence-class is a scout-designed, high-speed frigate. However. As a trade-off for the space for ship system ammunition, its slot positioning can be somewhat awkward, making it incapable of attacking. ",,,,,
aEP_fga_chichao,SHIP,"Born in an era when humanity first extended warfare into space, the Redtide-class design pioneered the use of a groundbreaking standardized weapon slot system, earning it the classification of 'Dreadnought'. Not only did it surpass all the older warships of its time in size, but it also far exceeded them in combat performance, becoming the representative of a new generation of warships.

The Redtide-class still retains a certain aerodynamic profile because, at that time, combat within the atmosphere was a significant aspect of space warfare. Although from a contemporary perspective, this once colossal vessel might seem as small as a shuttle, one must not forget that it was once the largest weapon humanity could construct. Now, after modernization, it still has a role to play in modern warfare.",,,,,
aEP_fga_shuangshen,SHIP,"A enlarged space fighter design that can be piloted by two, the remaining cabin can carry a marine squad and their equipment. Relying on its superior stealth capability and nostalgia of single-ship combat, it often appears as a unlockable vehicle in video games. This design was inspired by leaked datasheets of the Windstring-Class Frigate, which discovered by some hardcore players of a military vehicle shooter game named 'War Thunder.'",,,,,
aEP_ftr_ut_shuangshen3,SHIP,"A fighter system designed specifically for a single ship, including all technical modules for various complex tactical missions. The theory of 'one fighter, one ship' was well outdated even before the collapse. What a renaissance.",,,,,
,,,,,,,
aEP_typeB28,SHIP,"A fully automated derelict mining machine, dating back to the Domain era, remains shrouded in mystery as other information is unknown.",,,,,
,,,,,,,
,,,,,,,
aEP_des_shendu_mk2_cruise_missile,WEAPON,"The S-series cruise missile is a remote control, frigate-sized, campaign level weaponry that can also be deployed in battle.",,,,,
,,,,,,,
,,,,,,,
,,,,,,,
,,,,,,,
,,,,,,,
aEP_b_l_aa40,WEAPON,"Originally designed for planetary defense as anti-aircraft weaponry, it was later installed on ships upon the discovery of its potential for direct-fire purposes. The kinetic energy generated by projectiles of such caliber is sufficient to overwhelm shields. However, the energy consumption for continuously firing large-caliber ammunition is high, and only a few ships in the sector can meet these requirements. It is often utilized to address phenomena that classical physics cannot explain.",,,,,
aEP_b_l_dg3,WEAPON,"A quadruple-linked, long-barreled autocannon is a product of the ""penetration useless"" philosophy. It densely fires small-caliber, thin-shell, heavy-loaded rounds that can only penetrate areas where the armor is completely stripped. However, if they do penetrate, they cause terrifying structural damage. Designers who subscribe to this view believe that when facing an enemy with significantly superior defense technology, employing a barrage to target weak points like external vents or sensors is an effective strategy to disable the enemy.",,,,,
aEP_b_l_d100t,WEAPON,"The d100t main battle cannon represents the pinnacle of gunpowder-driven artillery. Its peak power approaches nearly half that of a Tachyon Lance. Sub-caliber discarding sabot armor-piercing rounds, which have shown their effectiveness throughout human history for their penetrating capability, can incapacitate a destroyer's shield generator with a single shot. However, against armor, they can only create a small hole-arguably better than nothing.",,,,,
,,,,,,,
,,,,,,,
,,,,,,,
,,,,,,,
aEP_b_m_rk107,WEAPON,"An accurate multi-tube rocket launcher, equipped with warheads loaded to the maximum with fragmentation explosives. A single volley aimed at the damaged armor can shred an enemy ship to pieces.",,,,,
aEP_b_m_hv7,WEAPON,"The next-generation smart weapon is designed to suppress high-speed, lightweight targets at long distances. These smart munitions split and re-aim when near the target, effectively solving the problem of evasive maneuvers. However, they do not split when attacking larger ships, ensuring that penetration power remains intact.",,,,,
aEP_b_m_k125,WEAPON,"The company's standard weapon, a rapid-fire cannon utilizing a revolver mechanism with two barrels, can fire several medium-caliber projectiles in seconds. It offers excellent sustained firepower and becomes exceptionally formidable when the magazine is fully loaded.",,,,,
aEP_b_m_mb32,WEAPON,"An anti-ship weapon fires PD ammunition. The linked firing mode allows it to create dense clusters of bullets, effectively capturing any missiles passing through, rather than relying on sheer volume like other PD weapons. While it cannot penetrate the ship's armor, it may serve the role of suppressing shields.",,,,,
aEP_b_m_flak,WEAPON,"A low rate of fire flak gun, this weapon is optimized for high muzzle velocity, accuracy, and range, making it an ideal choice for establishing a fleet-wide AA network. The specialized high speed explosive charges generate a dense shockwave, producing overpressure effects capable of neutralizing smaller targets such as missiles and fighters.",,,,,
aEP_b_m_h88,WEAPON,"The common-sized anti-ship gun vaporizes its warhead into high-temperature plasma upon firing. After each shot, a solid heat storage medium is ejected to cool the barrel. The installation cost is relatively low, allowing the ship to allocate more operating power elsewhere to support its high energy consumption.",,,,,
,,,,,,,
,,,,,,,
,,,,,,,
,,,,,,,
aEP_e_s_300k,WEAPON,"This array of multiple small lasers, which forms a highly concentrated beam, has an extremely high DPS and can easily melt fighters or missiles, incinerating everything inside. However, it is very limited against ship-grade armor due to its low DPH.",,,,,
aEP_b_s_pom,WEAPON,"Despite its slightly higher flux cost, burst-fire proximity bullets can eliminate an entire area of missiles. However, due to the longer firing intervals, their effectiveness against sustained suppression-type missiles is limited.",,,,,
aEP_b_s_630,WEAPON,A rotary close-in PD gun that can accurately place bullets in the same hole. The nature of the up-and-down movement of the Gatling mechanism makes it ineffective for split firing.,,,,,
aEP_b_s_h37,WEAPON,"The small-caliber anti-ship gun poses a threat even to medium-sized vessels. Its major advantages are its low operational cost and its 2-round burst firing mode, although its accuracy declines rapidly after the initial burst.",,,,,
,,,,,,,
,,,,,,,
,,,,,,,
aEP_m_s_breachdoor,WEAPON,"A brutal anti-shield torpedo inflicts substantial kinetic damage. The scientific principle behind it is quite complex; the warhead contains a set of gravitational field generators that, to some extent, alter its own weight. However, these precision instruments are prone to damage upon impact with armor.",,,,,
aEP_m_m_breachdoor,WEAPON,Missile pod version of the 'Door Breach' torpedo: increased ammunition capacity with a longer cooldown period.,,,,,
aEP_m_s_expander,WEAPON,"Designed for sustained combat, the small missile rack can be viewed as a straightforward division of the launch pod into two.",,,,,
aEP_m_m_expander,WEAPON,"A compact, high-yield missile with a thick casing sacrifices some speed in exchange for an unparalleled level of defense. When faced with heavily damaged armor, it can quickly tear through the ship's hull and disable nearby weapons.",,,,,
aEP_m_m_blasthammer,WEAPON,"A heavy anti-ship missile detonates a shaped charge upon impact, launching high-temperature jets forward. If the target's shield is overloaded by the initial impact, the subsequent jets will not be absorbed.",,,,,
aEP_m_l_blasthammer,WEAPON,"A heavier version of its mid-slot, featuring increased power but a slower top speed.",,,,,
aEP_m_m_fluxtube,WEAPON,"This weapon embodies the concept of 'spiral development.' It has long departed from the era when ships needed solid cooling agents. Nowadays, in order to achieve better flux dissipation, that old method has been adopted once more.",,,,,
aEP_m_s_fluxtube,WEAPON,One way to directly convert missile slots into flux dissipation is by discarding limited flux agents.,,,,,
aEP_m_s_harpoon,WEAPON,"The compact, high-speed kinetic anti-shield missile has been reduced in size to carry more ammunition. It aims to alleviate the pressure on frontline warships by suppressing enemy shields, and its heavy warhead ensures that it inflicts significant damage even upon impact with the ship's hull.",,,,,
aEP_m_l_harpoon,WEAPON,"A dual-mounted, heavy anti-shield missile, the pure mass warhead is equipped with a high-thrust engine capable of accelerating this ion stick to horrifying velocities, posing a threat even to moderate armor. The enormous kinetic energy can even shatter the warhead, creating a significant indentation on the armor.",,,,,
aEP_m_s_cluster,WEAPON,"A cluster bomb missile releases multiple smaller bombs over the target area, commonly used not only in aerial combat but also in bombarding ground targets. This large projectile carries many warheads and additional fuel, enabling the launcher to conduct such attacks from a safe distance, often raising serious ethical and legal concerns due to potential harm to civilians.",,,,,
aEP_m_s_era,WEAPON,"There are several reasons why this outdated additional armor continues to appear: it is cost-effective, performs well, and aligns with the ship's operational manual. Additionally, it is much easier to replace than cutting and welding large steel plates, isn't it?",,,,,
aEP_m_m_magnetmine,WEAPON,"Launch a cluster of magnetic bombs capable of targeting distant objectives. By precisely controlling propulsion force and fuse time, it can manipulate the desired impact point. This strategy allows the deployment of a large number of magnetic bombs throughout the area where phase ships appear, effectively blocking them from returning to physical space.",,,,,
aEP_m_s_magnetmine,WEAPON,A simple device to launch clusters of magnetic bombs from a distance,,,,,
aEP_m_m_phasemine,WEAPON,"A phase mine deployer, these explosively devices lie semi-permanently in phase space, patiently waiting for unsuspecting victims to approach. Rumor has it that they have caused ongoing incidents, with civilian transport ships hitting mines in once-disputed star systems for over a decade after the peace settlement. However, the company refused to comment on the matter.",,,,,
,,,,,,,
,,,,,,,
,,,,,,,
,,,,,,,
aEP_e_s_flamer,WEAPON,"""That ship had long since stopped firing; we sprayed at it and sprayed at it, and when we finally pried the hatch open it smelled like a buffet.""

This weapon, developed by pirates, proves flamethrowers still have a place in star warfare, only the substances keep evolving.",-a pirate's confession in prison,,,,
aEP_m_s_bomblance,WEAPON,"""When I saw a frigate attack us with this weapon I thought I was hallucinating; it just slammed straight into our hull. Luckily the thick armor kept the ship from breaking apart, but that pirate was definitely done for. Next time they should make the pole a bit longer so at least they won't blow themselves up.""

An engineering marvel: after some thought the lunatics of the Path realized that if you shove a torpedo into the enemy's face it won't be intercepted.",-interview with a caravan survivor,,,,
aEP_b_m_lighting,WEAPON,"""Calm down, you won't get electrocuted into mush just because you accidentally drop the ammunition box.""

Embedding high-density micro-batteries in the bullet completely diminishes its penetration power but disrupts shield stability. Injecting energy into the shield on impact is akin to creating ripples on a water's surface, significantly increasing the difficulty of maintaining the shield. ",--FSF Advanced Weapons Program Researcher's Meeting Record,,,,
aEP_b_l_railwaygun,WEAPON,"""During its first destructive power test, it directly penetrated the detector's shields, destroyed the subsequent generator, and ruptured the dispersion flux pressure reader. As                                                                                                                                                                                                                                                                                                                                                a result, we currently have no data.""

One of the largest caliber mountable cannons in standard weapon slots in the sector, its massive weight and recoil exceed the load-bearing capacity of most ground vehicles. Therefore, when used in a gravitational environment, a dedicated rail armament is required to share the pressure. As a product of the company's 'Advanced Weapons Program' it is capable of destroying most ship hulls-and eardrums-with a single shot.", --FSF Advanced Weapons Program Researcher's Regular Report,,,,
,,,,,,,
,,,,,,,
,,,,,,,
,,,,,,,
aEP_ftr_ut_repair,SHIP,This programmed repair platform is designed for urgent situations and can restore armor and hit points to a basic operational level.,,,,,
aEP_ftr_ut_supply,SHIP,"This multi-purpose helicopter referred as the battlefield companion, has an unique ability to absorb and temporarily store flux from allies and transfer it to the parent ship upon landing. This dual-propeller spacecraft, designed for both space and atmospheric use, is primarily utilized for transporting ground forces or supplies to and from planetary surfaces. It is equipped with a high-speed space propulsion engine to overcome gravity. When used in space combat, its internal space is modified to accommodate numerous flux capacitors. Unfortunately, the carrier aircraft cannot dissipate the stored flux.",,,,,
aEP_ftr_ut_decompose,SHIP,An utility drone with a laser cutter slices scrap metal for recycling. A expensive 360-degree shield can protect itself in dangerous battlefields.,,,,,
aEP_ftr_ut_shuishi,SHIP,"Small, lightweight shield drone designed with rapid replacement capability, equipped with a basic weapon to intercept incoming threats.",,,;,,
aEP_ftr_icp_gunship,SHIP,"Specialized in anti-aircraft design, this gunship can disable enemy fighters with four special LMGs than destroy it with a laser weapon. Its merciless effectiveness against fighters has earned it a formidable reputation among pilots. However, its lack of ship armor-piercing capability and limited top speed make it less suitable for anti-ship missions.",,,,,
aEP_ftr_bom_attacker,SHIP,"An assault fighter with a lightweight frame provides excellent maneuverability. Equipped with a burst cannon, it can cause extraordinary damage if able to deliver all the ammo on target, but its relatively fragile structure often fails to do so.",,,,,
aEP_ftr_bom_nuke,SHIP,"This strategic bomber, equipped with heavy armor and tail guns, carries a surprisingly tough, slow-moving reactive mine. Despite its drawbacks, the unstoppable power of this reaction weapon makes it the FSF's top choice for destroying fixed targets. Hitting any moving target, however, is out of the question.",,,,,
aEP_ftr_bom_lancer,SHIP,Space Lancers: knights who utilize traditional methods to dismantle technological creations that violate the doctrine.,,,,,
aEP_ftr_sup_shield,SHIP,"An automated shield drone wing, specifically designed for captains who need to convert their flight decks into additional armor and increased endurance.",,,;,,
aEP_ftr_sup_tank,SHIP,"This tanky firepower supporter can absorb incoming damage for its parent. Its unique armor is designed for quick and efficient self-repair, making it invulnerable to fragmentation. Given the material limits, a iron box is no doubt a better defensive design to a fighter",,,,,
aEP_ftr_sup_guardian,SHIP,"A short-range interceptor drone, sacrificing engagement radius for higher top speed and maneuverability. Its shield can only be turned on shortly using ship system.",,,,,
aEP_ftr_ftr_hvfighter,SHIP,"A heavy fighter equipped with a pair of large-caliber anti-ship guns, capable of delivering destructive power sufficient to pierce destroyer armor. It also features a diving ship system designed to evade point-defense (PD) firepower. However, its inferior maneuverability places it at a disadvantage in dogfights with other fighters, so it is typically deployed only in battles where air superiority has already been secured.",,,,,
aEP_ftr_ftr_helicop,SHIP,"A heavily armed helicopter operates both in the atmosphere and in space. It carries two kinetic rocket pods, capable of unleashing a barrage of iron rain to pave the way for other anti-ship fighters. Sustained firepower is relatively low after the initial wave of attack.",,,,,
,,,,,,,
,,,,,,,
aEP_ftr_ut_repair_beam,WEAPON,"An engineering tool launches a nanomaterial jet, which cools and solidifies when applied to damaged armor, often used for emergency battlefield repairs. However, it cannot restore the armor to its original strength.",,,,,
aEP_ftr_ut_supply_main,WEAPON,Beam to transfer flux from the target to itself.,,,,,
aEP_ftr_ut_maodian_ads,WEAPON,"An advanced active defense system fires solid, concrete-like blocks to intercept enemy projectiles.",,,,,
aEP_ftr_ut_decompose_beam,WEAPON,An engineering cutting tool that has little effect on ships but can quickly slice through wreckage.,,,,,
aEP_ftr_icp_gunship_gun,WEAPON,"This LMG fires bullets fused with a special material that shutters on impact and shorts circuits around, efficiently disturbing enemy fighter's control during air combat",,,,,
aEP_ftr_bom_attacker_gun,WEAPON,"A ship-grade burst assault cannon, capable of unleashing a fiery stream in seconds. When mounted on a fighter, it accommodates only limited ammunition.",,,,,
aEP_ftr_bom_nuke_bomb,WEAPON,"Atomic weapons are no secret in the Domain era, but developing one as small as a mine is a different story. This incredibly sturdy anti-fortification bomb can destroy even the most durable structures, both in space and on the ground.",,,,,
aEP_ftr_ftr_hvfighter_gun,WEAPON,"This fighter weapon uses large-caliber, high-quality, low-velocity projectiles to maximize armor penetration capability. The trade-off is reduced accuracy and effective range, making it challenging to hit targets in dogfights.",,,,,
aEP_ftr_ftr_helicop_lmg,WEAPON,"A heavy machine gun, installed as an anti-shield weapon on space fighters.",,,,,
aEP_ftr_ftr_helicop_rocket,WEAPON,"A self-loading rocket nest that launches spike-like projectiles with the caliber of an automatic cannon, providing excellent shield suppression.",,,,,
aEP_ftr_sup_shield_gun,WEAPON,"Designed for light ground vehicles, this LMG is commonly used to fill empty slots on spaceships. Mounting a small arm on the turret platform provides outstanding accuracy, allowing it to target and shoot at distant objects.",,,,,
aEP_ftr_sup_guardian_gun,WEAPON,"A high-rate-of-fire small-caliber assault cannon that generates significant flux, making sustained shooting impractical.",,,,,
aEP_ftr_sup_guardian_gun3,WEAPON,"A long-range sniper rifle designed for combatants, trading a low rate of fire for extended range",,,,,
aEP_ftr_sup_tank_main,WEAPON,"A lightweight ship weapon mounted on a tank platform provides superior shooting stability compared to all other platforms, allowing it to target more distant locations. However, the lack of friction in space presents a challenge with managing recoil.",,,,,
,,,,,,,
,,,,,,,
,,,,,,,
aEP_FSF,FACTION,"Fast.Safe.Functional Military Corporation is a military enterprise established after the Collapse, primarily engaged in arms sales and ship manufacturing. Its origins trace back to a smuggling organization known for selling military testing prototypes at high prices to various corporations. When the gates went dead, the leadership found themselves trapped in a secret warehouse in the sector. Recognizing that their bodyguards were insufficient to secure the valuable goods in their warehouse, they withdrew from sector conflicts, reestablishing themselves as an underground mercenary organization, thereby forming the precursor to FSF.

During the chaotic early days following the Collapse, FSF secretly hired scientists impacted by the war, aiming to replicate some of the most advanced prototype ships in their possession. Their activities, however, remained largely unknown until just before the onset of the First AI War.

In the golden era following the First AI War, FSF gradually revealed its presence in the fringe worlds by selling ships previously unseen, signaling that FSF had become a notable faction in the sector. They began providing services such as ship manufacturing, military guidance, and arms trade. Despite maintaining the image of a newly developed mega-corporation adhering to Domain-era laws, the recent sharp rise in their fleet size indicates ambitious aspirations.",,,,,
aEP_FSF_Relay,CUSTOM,"The position of this communication relay is highly irregular, and its model does not match the typical types commonly found in the sector. Judging by its power and clarity, it is undoubtedly a creation of the Domain. The company likely brought it from elsewhere, perhaps even from their own warehouse, and placed it in orbit around the planet.",,,,,
aEP_FSF_SaleStation,CUSTOM,"This is the business hub where FSF conducts its external commercial activities and hosts the earliest orbital facilities established by FSF. Located in a resource-poor and desolate star system, over the years, it has evolved alongside the continuous growth of the corporation into both a bustling commercial center and a heavily armed star fortress.",,,,,
aEP_FSF_DefStation,CUSTOM,"The newly constructed military base at the center of the star system signifies a shift in FSF's corporate policy. Although FSF had the capability to ensure its own security many years ago, it did not maintain a large-scale military force. The completion of this military base marks the transformation from a local government into a sector-wide faction with system-wide military projection capabilities.",,,,,
aEP_FSF_Homestar,PLANET,"A rather ordinary brown dwarf star, its dim nature making observation quite challenging, could be adequately described as 'poor'. Lacking planets of significant developmental value and without even rich asteroid belts, this system has long faded from people's attention.",,,,,
aEP_FSF_Homeplanet,PLANET,"If this planet were a bit closer, it could have been a candidate for terraforming, boasting acceptable temperatures. Unfortunately, it currently experiences perpetual day and night, rendering it an inhospitable wasteland perpetually covered in ice and snow. Even with well-equipped protective gear, most operations require additional shifts to complete. Establishing a large, long-term colony would consume substantial resources, making it impractical. Its most notable features are the massive structures on the surface and the grand entrance. Given that FSF did not appear before the First AI War, it's highly likely these structures were built well before the Collapse. The planet was abandoned in the post First AI War period, with its primary functions shifting to large orbital space stations. As the company's business expanded, the planet's harsh climate likely became an increasingly serious issue.",,,,,
aEP_FSF_Companyplanet,PLANET,"The planet is typical in its barren nature but is rich in valuable minerals. However, its proximity to the star makes mining prohibitively expensive. The FSF has established a military base around the planet, guarding the entire system. In the battleground near the star, a fully functional fortress capable of withstanding long-term stellar radiation presents a formidable challenge.",,,,,
aEP_IND_Homestar,PLANET,A red dwarf star emits insufficient heat to support any planet reaching an Earth-like temperature. A cold atmosphere envelops this star system. The dim light makes any work in this system extremely challenging and has also led to troublesome pirate problems.,,,,,
aEP_IND_Homeplanet,PLANET,"Most of the names of colonies in the outer star systems are only known through signs discovered on various technological excavation sites. During the chaotic era when core world factions were fighting for resources, these overlooked places were left with nothing but silence a decade or two later.

The temperature on the planet Lamdor X consistently remains below the operational limits of most equipment. Within two to three years of losing its energy supply, it lost the majority of its population. The only city that survived, where the spaceport is located, managed to endure by relying on antimatter reactors capable of running for centuries. These resources sustained them until they reestablished contact with the core worlds.

Given the tragedy that previously unfolded on this planet, ""better a distant relative than a near neighbor"" became the guiding principle of the local government. They established a deep defense cooperation with the FSF from the early days; despite both parties insisting on their independence, personnel and equipment exchanges remain very frequent.",,,,,
,,,,,,,
aEP_IND_Pirateplanet,PLANET,"A barren planet without distinctive features, it once had development plans, but they were quickly abandoned.",,,,,
aEP_IND_Piratestation,CUSTOM,"Given the distance between the planet Lamdor X and the core worlds, attacking trade fleets has become a highly profitable venture. Officially designating themselves as a waystation, pirates use this area to monitor trade convoys and indulge in the spoils of their conquests.",,,,,
aEP_FSF_Earthstar,PLANET,"Once a testament to human conquest of the galaxy, the DWR43 star system was initially set to be renamed following grand landscape transformations. It was intended to become a hub of interstellar industry, powered by a coronal shunt. Now, the blue giant star illuminates unfinished facilities and lifeless planets.",,,,,
aEP_FSF_Stationplanet,PLANET,"Once protected by a stellar shade array, this place barely sustained a small colony exploiting its abundant mineral resources. Further development plans were halted after the Collapse. Despite the shade array, the planet's surface temperature was still too high to endure. However, the ecologically transformed soil could support some modified crops. Those stranded here hoped that, given enough time, they could gather sufficient supplies to leave the planet.

Everything changed with the arrival of the AI fleet. They maneuvered one of the three stellar shades into a precisely calculated descent orbit, striking the city center with less than a 2km margin of error. Within 30 seconds, 90% of the population was turned to ashes. With the loss of the shade, the temperature doubled, and the radiation environment eradicated the remaining 10%. All that was left were relentless sandstorms composed of radiation particles.

Even though the company eventually redeveloped it into a mining site, the absence of one stellar shade array in orbit perpetually tells the story of the violence that occurred here.",,,,,
aEP_FSF_Earth,PLANET,"The jewel of the DWR43 star system, intended to be the capital, is undergoing an extensively funded terrain-transformation project. Before the Collapse occurred, the planet had no residents; only a series of artificial, terrain-transforming microorganisms were introduced into the environment.

What happened next was thrilling. An AI fleet took control of the ecological transformation system, turning the planet into an eccentric-terran environment. This spawned many local species, but the microorganisms rendered the area deadly for humans.",,,,,
aEP_SpaceFactory,CUSTOM,"A coronal shunt transformed into a military base by the company, but unfortunately, the majority of its functions never came online. The vast space houses the company's most highly classified department. It serves as an excellent weapons testing ground, with the presence of an AI fleet in the star system providing the best real combat targets. To prevent exposure through excessive material exchanges with the outside world, the station aims to achieve self-sufficiency by harnessing extracted energy.

The existence of this place, with tons of weapons and raw ship materials sealed in warehouses, has solidified many rumors about the company's ongoing arsenal expansion. Nevertheless, dedicating half of the facility's space to an ecosystem seems too extravagant; rather than merely a testing ground, this place appears more like a shelter for the next major collapse.",,"The closer you get, the more you can feel its enormity. This facility, originally designed to provide almost infinite energy to mankind, seems to have been abandoned before its construction was ever completed. Traces of post-collapse technology can be seen at many joints. Classic FSF muzzle devices point out from this fortress at every visible location. You begin to wonder if firing all these cannons simultaneously would generate enough recoil to push the station out of its orbit.",,,
,,,,,,,
,,,,,,,
aEP_remain_part,RESOURCE,"Some non-standard, post collapse makeshift component remains recovered by Decomposer-classs scrape drones. Most of these can only be recycled as raw metal materials, but the FSF is seeking its technical potential in reverse engineering them and can offer blueprints in exchange at the business center. Naturally, selling them directly to any market also provides a source of income.",,,,,
aEP_FSF_CruiseMissile,CUSTOM,"High-speed object closing in, evade!",,,,,
,,,,,,,
aEP_SpaceFactoryMarket,CUSTOM,,,,,,
,,,,,,,
,,,,,,,
,,,,,,,